Participant number,1.1 Fictional story or scene,"1.2 Abstract shapes, colors or patterns","1.3 Smells, tastes or other sensory sensations",1.4 Experiences from my life,"1.5 Memories from media such as films, TV, or video games",1.6 Thoughts about the music,1.7 Thoughts about the future or personal plans,1.8 Thoughts about the building or space,1.9 Everyday stuff,Select the movement during which you imagined the most vivid memory.,Please describe the memory in as much detail as possible.,To what degree do you think these memories were prompted by the music you just heard?,To what degree did these memories come to mind spontaneously (without special effort)?,Would you say that the memories you experienced were individual to you?,Select the movement during which you imagined the most vivid fictional story or scene.,Please describe the story or scene in as much detail as possible.,To what degree do you think these imaginings were prompted by the music you just heard?,To what degree did these imaginings come to mind spontaneously (without special effort)?,Would you say that the imaginings you experienced were individual to you?,"If you would like to add any further information, such as another movement that elicited a strong response, please do so here.",Please enter your age,Please select your gender,Please indicate how frequently you listen to classical music,For how many years hae you engaged in regular daily practice of a musical instrument (including voice)?,"Please indicate the part of the auditorium in which you are seated, using the map below for reference."
1,3,1,1,2,2,4,,1,2,B1,Children playing on the shore of a river. Small children laughing and playing. ,4,4,3,B3,Soldiers marching. Also a youthful Beethoven,3,4,4,Soldiers were frightening,80,Male,3,4,E
2,2,2,1,4,1,3,4,3,2,H4,Don't remember movement in particular. Was thinking of interaction with a co-worker. It was a stressful interaction about the nature of our project/work.,3,3,4,B2,Imagined seeing a large field out in nature of water flowing -- focusing on individual droplets of water,3,2,3,,28,Male,3,5,G
3,,4,4,,,5,,,,B1;H6,B1: As if I was part of a Monet painting. I was a little girl in a long white drass and a ribbon smelling the flowers. H6: I was a ballerina doing point.,4,4,4,,"Not a story, just me being present in the moment and moving to the music.",4,4,4,,52,Female,3,,H
4,2,2,2,,,2,,,,B3; H4; H5,B: Images of dancers -- during several movements of the Beethoven as well as bright colours clashing. H: During the Hough -- one of the movements brought thoughts of bees buzzing and/or flies making a drone-like sound,3,3,2,B2;B3;H4;H5,B: Beethoven -- people dancing to the music,3,3,2,,78,Female,3,,G
5,1,1,1,1,1,5,1,1,3,B1,Remembering when I played the piece myself,5,1,5,H3,DrunKen Pizzaiolo,5,5,5,,31,Male,5,24,I
6,2,3,2,4,2,,3,2,3,B1,I had images of free growing things like vines over tranquil pools. The scene was both peaceful and full of life. There seemed both prompted by memories of willow and also entirely newly created within my mind.,4,3,3,B4,"I had visions of traffic, panicky between the bustle of vehicles and people and the more quiet byways along the sides",3,3,3,"Initially, I found that I most experienced colors,  forming across my violins in gentle, hailed streams. Of course, mundane thoughts invaded, but later I had more concrete images as well",38,female,4,,k
7,2,4,2,4,3,5,5,4,2,H6,"Reminded me of the wind storm night this week, and trying to sleep through it and the dog keeping me up all night",5,5,5,B2;B3;H4;H5,"A drifting, wandering mindset- upbeat and flowing-- like a walk through a beautiful area on a relaxing weekend. ",5,5,5,,58,Female,3,5.00,K
8,3,1,1,4,2,2,3,1,2,B3; H2,"No long memory, but a lot of memories about highsehod things (1981-05)",3,5,4,,I had no fictional memories,1,1,1,,57,Male,1,,K
9,2,1,1,3,2,3,2,1,3,H6,Visiting grocery markets in Paris with my late grandmother. Some of the music made me think of vendors shouting out their wares. ,2,3,3,B2,"Contemplation of sad things- the current state of the world, especialy war, death and grief",3,4,2,,34,Female,5,15,K
10,,,,3,,4,,,,B1,"The sprightly manner in which the Takacs played the first movement brought to mind a specific memory. My wife and I were walking on a hillside in the Adivondad region of NY State when we came upon a swarm of dragon flies flying around each other in a sunny spot. There were dozens of them, never leaving that sunny spot for as long as we gazed at them. All the same species. They seemed to be enjoying each other. ",5,5,4,B2,"The death scene from Romeo and Juliette, which I have heard Beethoven had in mind when he wrote this movement. The music perfectly fits this scene, so it is not difficult to imagine it during this movement. ",4,5,2,"The last movement of the Hough had a very striking musical depiction of laughter, among the best I have heard from any composer. ",73,Male,5,68,I
11,2,3,2,2,3,3,3,3,3,H1,"Thought about an old high-school friend. Recalled how he went to trade school & began contemplating his continued existence in the same hometown he grew up in. Had a blue-collared attitude -- him & the friends he used to hang out with. Appreciated his friendship, but never felt too close to him. It's an obtuse thought. ",4,5,4,B3,"Thought up a story about a woman who makes the internal vow to write the longest poem she can. She's a mother with one young daughter, and I envisioned them in a living room setting. She's trying to write lines, while her daughter draws next to her. ",3,4,4,,25,Male,5,8,K
12,4,3,2,2,2,5,1,1,1,H2; H3; H4,"Honestly, was imagining the section of ""A gentleman in Moscow"" ""Cabarat"" Secrat grande section",5,5,4,B2,Personal conversation ,5,5,4,,71,Female,5,60,J
13,4,1,3,2,1,3,1,1,2,H5,-Street scenes -Moods related to personal interactions -Anticipation of musical direction,4,4,1,H2,Walk thorugh natural scenes,5,5,1,,,Male,5,,J
14,5,4,3,4,1,3,1,1,1,B1,"The Beethoven seemed to begin as a frolic on a beautiful summer's day. Dancing, conversing, enjoying the overtures, eated on the glrass in a partk. Noice surrounds with the awrmth of the sun, twittering insects, butterflies, and swaying of trees. Couples begin to pair off as theiy paster lovingly more intimate conversations as the day pose slowly to noon and eventually to sunset and evening",4,5,5,H3,"The story enters the lobby of a hotel where a set of actions take place. People checking in and out, discussions arise in the lobby some pleasant other full of disturbance and anxiety. The hotel is forcefully ending with crying. Staff and guests. There is continued action and nothing is resolved, there is never a ___, pure chaos. ",5,5,5,,63,Male,5,1-13,H
15,4,3,1,3,3,4,1,3,2,B1,I remember performing with a trio and the interaction of my fellow performers. ,4,3,4,H4,"The composer's discussion prior to the performance started me thinkin gabout marionettes etc, and the more lurid aspects of paris int he 20s.",4,4,4,,75,Female,5,50,I
16,1,1,1,4,3,4,4,2,3,H5,Events in my life - planning how to navigate the times ahead,3,3,3,,,,,,I don't omagine fiction to music...,73,Female ,3,,H
17,1,1,2,2,1,5,2,2,2,H2,"No doubt because the piece is programmatic, prompted with being ""au pare"" in Paris, I thought of summer 2022, visiting my good friend who lived in Paris at that time. Extremely hot summer, one of the first things we did was take a bottle of champagne to a park; hot sun, another oocasion, in the tuilleries, also hot...",5,4,4,H4,"Nope, I was entirely engrossed in the music, apart from the thoughts of the hot summer in Paris. The comments from Hugh at the beginning made me try to imagine marionettes and whatnot, and car horns in the first movement, but by and large I was focused on the performance. ",5,1,1,,44,Female ,5,17,I
18,1,3,1,,1,4,1,1,1,"B1, H6",Beethoven - sublime beauty - water or light patterns Hough - gestures of musicians ,4,4,4,,,,,,,78,Male,4,0,I
19,3,1,3,4,2,5,1,1,5,B1,"Though the memory I thought of was not the longest sustained, it was the most intense. I imagined practicing a Beethoven Sonata in B-flat, I think when I was younger and in music school. I could almost feel my fingers twitching as I listened, and the environment of the old practice room was vivid. ",5,4,5,H2,"I specifically imagined the black and white depictions of Paris from some children's book, but I can't remember the name. I just saw drawings of French buildings made o fblack crayon on white paper. Also I smell cucumber sandwiches??? Don't know if they are connected",5,5,4,"In the final movement of the Hough, I saw wheat fields; along with blue sky, green trees, etc. But very golden,  autumnal wheat fields.",24,Female ,5,18,H
20,2,1,1,3,3,3,3,2,,"B1, H6",It's a memory of a short story I just read today (by Chuck Palahniuk) There were also memories of the previous concert I attended ,1,4,4,"B1, B4, H4, H6 ",Everyday life scenarios - I just imagined the different ways to enjoy the weekend. I also pictured the scenes from a poem I'm doing resesarch on ,1,5,5,"Beethoven's Adagio was very striking in its sobriety. Most of my memories were elicited by visual cues, as I have never listened to these pieces before. Aside from memories, I spent the most time thinking about research",29,Female,3,0,G
21,3,1,1,3,3,4,2,3,2,B1,"I was thinking a lot about my grandparents, who introduced me to classical music, which has become a very important part of my life. I was thinkin gabout spending time at Tanglewood with them, listening to great music in a beautiful outdoor setting. ",4,5,5,H1,I was imagining Parisians strolling by - women with fancy hats - dogs - remembering the architecture of the city ,3,3,3,"The hotel movement where things start off ok and then descend into what made me think of a funhouse, was difficult - the composer's explanation of the piece plunged me into worry over the current state of our country. I might not have gone there had it not been for the insight into the time period (pre WWII) that inspired the piece. ",55,Female ,5,10,G
22,2,1,1,4,3,2,2,1,2,H1,"This movement very closely resembled the modern era soundtrack in my favorite computer game, Civilization IV. It brought back memories of playing the game- building modern era infrstructure such as airports and factories, having workers turn roads into railrods, and moving large stacks of combat units around to capture other civilizations.",5,1,5,B3,"I heard this piece last summer (or perhaps the year before) at the Marlboro Music Festival. It made me think back to summers in Vermont and a feeling of me floating through a beautiful summer day with clear skies, animal sounds, and lots of green vegetation. ",5,2,5,,28,Male,3,12,G
23,,3,,,,4,,2,,B4,"Not a memory but evolution of atmosphere of early Romantic era, perhaps near Venice this Beethoven is much more settled in his culture (like Brhams) rather than an outsider at where his daughters and relationships to previous. ",4,3,3,H4,Imagining conversation between Hugh and Poulenc. Sharing jokes and pondering observations about society as in some Poulenc song cycles  (j'ai vie mes amies sans souces). ,4,,4,Enjoying the sense of family among performers- string quartet almost uniquely exists only as and lohen the 4 conspire in real time to bring the mediocre parts into an organic state. Frquent how they imagine the white case when first reading their parts (Do they all see all parts first or want to first throguh),,Male,4,40,F
24,1,2,2,4,1,4,3,1,2,B2; H1,"B2: I remembered the very relaxing and positive images from my trip the week before to Austin, TX. H1: The music most vividly reminded me of being on the boulevard Champs Elyseea in Paris 50 years ago. ",5,5,4,H6,I was able to imagine what were complexities of the life at that time - maybe as we view them in retrospect- and made more vivid and intense by knowing what was to come. ,4,4,2,Hough movement 5 also evoked very strong emotions-- sadness ,,2,4,65,I
25,3,1,1,4,2,5,4,2,2,B1,"Learning the violin. Holding the violin, loving the violin and wishing I still played. Planning to buy a violin + take lessons again. Seeing the violin and hearts full of appendage - not ___ from my hobby. Watching the movement of the musicians before as they played. Remembering how it feels to play + how the violin prompts one to ssavor how the violin and sounds are ___. ",5,5,5,"B1, B4, H4, H6 ","Nature, Greenery, Woodlands, Pris",4,4,5,"My motives was an apeare singers so parts always appended to music. One 4 years old my tennis teen was to the Planet ___. As the ___ opened + the stars appeared, the enchanted music swelled + I burst into tears at the heading of the music + the stars",,4,,,
26,4,1,1,3,1,5,2,1,1,B1,"A boy aged about four, who when he heard a cello for the first time burst into tears with heavy sobs. Then, almost immediately, a memory, about the other end up life: my grandmother. At a concert she knew would probably be the last she would ever attend, bursting into tears. The music was Beethoven's ninth symphony. ",5,5,5,H4,Divers theatrical characters strutting and getting on a stage. ,5,5,4,,73,Female,5,12,H
27,2,2,2,4,1,3,2,2,3,H2,"Rowing on the small pond in the Bois de Boulogne with my husband. It was sunny and not windy. The water moved slowly around the boat. Watching the small ""taxi"" ferry restaurant guests for the Sunday dejeuner to the guitar looking restaurant on the pond and small island. ",4,4,5,H1,"This was suggested by composer Hough's introduction, describing what he had in mind when he wrote this piece. I imagined the hustle of pedestrains, carriages and horses on a wide Paris boulevard. Not stalling, rather the move - memory prusues with purpose, with much intent to go to their destinations.",3,3,3,"When the Beethoven piece began, I was ____ how I feel this space is a peaceful protected interior. In particular, these days very much away from current news and the dreadful MAGAs. I seriously wonder (am convinced) no MAGAs enter here. Thankfully!",68,Female,4,0,G
28,1,1,1,1,1,4,1,1,1,,I didn't experience memories. I'm listening to the music. ,I wasn't imagining. I was listening to the music. ,,,,,,,,,77,Female ,5,70,I 
29,1,1,1,1,1,5,1,1,2,,"I had no memories. I was at this concert because I love this quartet and their interpretation of Beethoven. I was entirely absorbed by the music, its structure and development. If I wanted to daydream, I would have stayed at home! ",,,,,No fictional imaginings at all! I don't really understand these questions. Listening to music is totally absorbive and immersive. I think I'm the wrong subject for your research! None - no imaginings! ,1,1,1,,73,Female ,5,5,I 
30,1,1,2,3,1,4,1,1,2,B1,I play the violin and have played reguarly with a string quartet that sight read every Saturday morning. The first movement of the Beethoven brought back many memories of this great repertorie. That I no longer have as I have moved. ,3,4,5,H1;H2;H3,My great-grandmother was an accomplished artist and did several drawings that look like late 19th century/early 20th century Paris. This music made me imagine this Paris. ,4,5,5,,77,Female ,4,,E
31,1,1,1,2,1,1,1,1,1,B2;B3,"I rememnbered someone a couple of years behind me in grade school (~1950) and the house where she lived, then when a US senator of the same family anme came to my parents house for a social occasion - drinks before lunch, I think. I have no idea why I should remember this! No other thoughts. This was during the Beethoven probably movement 2, maybe 3. The most coherent vision was of the bridge over the Charles River on the road to this person's house (a house I never visited, but I knew where it was). ",1,5,4,,"I had no fictional imaginings, I had some thoughts about the Hough quartet - which movement was being played, could I remember the titles? But I didn't envision them. ",4,3,2,,86,Male ,4,0,F
32,3,1,1,,1,3,3,2,2,B2;H4,"I fanticized about whether it was interfering or bothering the woman seated ___ of ___ me. This ___ during Hough, movement 4 dud was influenced by the composer's introducing ___ and my state of partial dreaminess. ",3,4,5,H4,"Please see commentary on previous page. My ___ is ___ ___ here as a ""fictional imaginings"" rather than a memory. ",3,5,5,,81,Male ,4,10,D
33,3,2,1,3,3,3,2,2,3,B1; B2; B3; H1; H5,"The whole first half was in the UK for me, even though I've never been there! Beethoven mvmt 1 conjured a memory of my brother (this one part wasn't in the uk) learning to crawl on Easter day years ago, crawlling for a plate of sweet tarts that ended up on the floor, then it went to Beatrix Potter Peter Cottontail Morie and its pastels. Then what I imagined when I read Wuthering Heights - rainy hills of heather. At adagio, an image of rain pouring down a wood-framed window. Hough was fountains! All over, coming up from the concrete. I guesss the concrete was at Cinderella's castle. Also some of the movemets brought me to a vide of Darcy Bussel dancing the ballet Prince of the Pagolas Red & graig. ",4,4,5,B1; B2; B4; H1; H4; H5; H6,Oops...I answered this! ,4,4,5,,35,Female,4,,F
34,3,4,3,4,1,4,2,3,1,H5,"Beginning with the tiny al hilk rowing voices from the second violin and the viola, I just been unitry out or escaping out from the mostly and obscure of moon light covering with the mushroom smell, chasing by the ____ of the it all ends with the start of the plunge I saw the first light in a white color the purest color, gleamering light shine on face, through the trees pass through the lenses fsurfece, as if all the mastering black magic gone and I sunddenly found. Nope again, the sun will always lone, even at the darkest age",5,4,5,B1,"The delicate turning of the violin colding with the rhymes with the cello, I found myself spining thorugh time, and ___ to the place of my rey only, ___ I was five and I was trying to learn how to dance. The spinning of traditional Chinese dance as the spinning and up rising of the violin at each of the dynamics of the cello is the turning of each dance character, as through from violets to homogenous as I first scared of fault at which I found exteremely joy in it, and then everything seems to change, or somehow too shortly, as strech my leg over the top of my head and appears the innocent smile last time to the audience, the quoartet ends, al my dance ended at them seven. Absolute quiet as the perform went off all my childhood fall even I once thought I can always withhhold. ",5,5,5,"I once thought I loved dance just because the elegant of oneself could only be perform in that way, as if that should be the beauty of a moment. As ___ on, the music went back to the dancing, memories and I imagine I was dancing again, ___. The beauty is not only its elegant, but the key of expressing oneself, the koot come naturally with your identity. Music let one fixed its identity, music let one final it's identity at memories but not letting one forget about why. ",10 (or 60?),Female,5,11,F
35,1,2,2,3,1,4,1,1,1,B1; B2; H4; H5,"The second movement of Beethoven's String Quartet in F Major is emotional and has deep feeling. The first movement is full of energy, so is the last movement. Hough's slow movements are dramatic and has strong dynamic changes. The fast movements are vivid and has a lot of details also. ",4,4,4,,"When I listen to music, I usually don't imagine any fictional story or scene. I just purely enjoy the music. ",1,1,1,,42,Female,5,30,E
36,2,3,2,3,3,4,4,3,3,B3; h4,"B3: it brought back my memory of my first year of undergrad when my quartet was working on Mendelssohn's quartet No.2 (also the scherzo mvt). They're very similar musically really; H4: I wasn't thinking about anything cuz I was focus in the music the whole time (it's of course new to me, and I love getting into ""music theory analysis"" mode when I hear sth new. The last chord is a D-flat major chord and D-flat major is my favorite key and it probably just brought back the memories of every time I heard the chord.",4,3,2,B1; H2,"B1: It is very noble music, I was imaging people were sort of gathering in a party at a court. Many conversations questions between the ladies and gentlemen who were invited to the party; H1: Kids playing around in a park. It was probably during spring time. ",3,3,2,,27,Male ,4,20,F
37,2,2,1,3,1,4,1,1,3,H4,"A quick meeting in the spring of 2018, in the NYC broadway after a certain show. It was pretty dark and cold, and I had a talk with a stranger about the show we'd watched. It was a little hurried a quicky meeting. ",3,5,4,H5,"It's the violin scene in Arcane season1: Ray Chen was the model violinist. It was some dramatic romantic music, a dark-ish atmosphere, quite mysterious",4,4,1,,20,Female,4,13,K
38,1,1,1,3,1,3,2,1,2,B1,"Beethoven: playing with cousin's at summer house in Sweden; Hough's piece: no day dreaming as memories, not melodic enough for me.",4,3,4,,,1,1,1,,83,Female,4,,J
39,1,1,1,1,1,5,1,1,1,B2; H6,My brain is wired to the outdoors - nature! Music relays sounds heard in nature during all types of weather,4,5,5,,N/A,,,,"My life has memories of nature and being in forests, water... listening to binds, animals, weather W, Virginia (back in the hills)- N. Dakota (up near Canada), Minnesota (Boundary Waters) Iowa (farm) ",80,Female,5,80,D
40,1,1,1,2,1,4,4,2,2,H2,I cannot give much detail. Probably some raindrops in a Paris-like bark. ,3,3,,,"Music is music. Absolutely ""abstract"", Either you are in or ____ walk  with the music while thinking about other things. ",,,,"There was a lot of priming about the survey before the concert starbed and also at the ____ beginning of survey's question. You will have to take account for this in year analysis. I am not sure the results you will have will be reliable. In fact, they won't be. ",62,Male ,4,,A
41,1,2,3.00,,1,5,3,2,2,H1; H2,Hough: Thinking about Paris- walking on Blvd. St.Michael --fall of enjoyment. Beautiful weather. ,4,4,4,,I did not imagine any fictional scenes. I mostly engaged in the sound form of the works,2,2,3,I loved the 1t mvt of the Beethoven the ensemble playingw as phenomenal. The freshness of each instrument and then how they worked as a team especially during the silences were inspiring ,72,Female,5,,E
42,4,1,1,4,4,3,3,4,5,B3 ,"First falling in love with Beethoven's string quartet because of a film. I was making at the time, in 2022 -- 14th string quartet was my first love -- worked backwards -- wrote the film in March of 2022 with thoughts of summer -- this movement, while not in the film, exhibited the character or expression I wished to capture -- reminds me of a time filled with hope and excitement at the opportunity to make films, sitting in a cabin in the Pocons snowed in, dreaming of sunnier days",4,5,5,H5,"Always bad with melody one memory of music, but I took note of a film I'd like to make, about two sisters figuring out a way to convince their father to rejoin the living after becoming a recluse following the death of his wife, their mother. The scene is tense because the younger sister, who lives with the father, is less optimistic than the older sister, who feels like she has all the answers (she doesn't, which she will soon find out). ",4,5,5,"I'm excited to re-experience the Hough string quartet, as this was my first experience. ",28,Male ,5,,J
43,3,2,2,3,2,3,2,2,2,"B2, H5",,4,4,4,B2; H3,"The Beethoven-inspired ""imaginings"" come largely from my own emotions and musical impressions. Also more abstract. Images during the Hough were more vivid -- I was also thinking/engaged more by the music in the Beethoven, and had more attention in the Hough to let my mind wander. Imagined scenes during the Hough were largely led by the movement titles, but images/scenes easily followed. ",4,4,4,,22,Female ,4,,K
44,1,3,1,1,1,5,1,2,1,B2,Not sure what you mean about memory. I experience music in a pure form. Adagio was amazing. ,1,1,1,,none ,1,1,1,,73,Female ,5,65,J
45,1,1,4,2,1,5,2,2,1,,Beethoven: thought about previous performances of this piece and compared this to those performances. ,2,2,3,,,5,4,4,,67,Male ,5,0,J
46,1,2,1,1,1,4,2,2,2,,None that I can recall and describe ,1,1,1,,none ,,,,"No particularly strong responses as to memories, but I really enjoyed both pieces. ",77,Male ,5,0,J 
47,2,1,1,1,2,2,3,1,1,"B2, H3,H6",,2,2,2,"Br2, H6",,2,2,2,"I spent a lot of time looking at the musicians, and their expressions and body movements, their smiles and shared looks, and how they felt the music they were playing. I can hear the music on the radio, but I only experience it as played by artists here! ",56,Male,2,0,K
48,1,1,1,3,1,4,3,2,2,"B2, H3,H5",None of the memories lasted long enough for me to take real notice of - very much passing thoughts ,1,5,5,H1,"I saw a scene of bustling with people. The sky was blue with small puffy clouds. The street was lined with tall, leafy trees. I don't think I saw any cars, just people and trees and some pink flowers. ",4,5,5,,50,Female ,5,44,J 
49,4,2,1,3,1,4,4,1,4,"B2, B4, H6",Movement 2 sleep in summer night. When you are sleeping outside under the stars ,3,4,5,Br2,,3,4,5,,62,Female ,5,0,J 
50,4,1,1,1,2,4,1,1,3,,I really didn't have any memory I try very hard to be here. My feet are and just enjoyed the music playing as clear attention as I could. The Hough music was chaotic and not especially enjoyable. ,,,,,Refer to the comments on page 1,,,,"I loved the musicians' animated and could read the playful moments, the more somber movements. Those movements made me think of peace, joy and sorrow. More emotions and less images or memory. ",75,Female ,3,None ,J 
51,1,1,1,2,1,4,1,1,1,B2,"for some reason in the second movement of the first piece I thought of a childhood friend with whom I am not in touch anymore. Her parents are buried and ___ away from mine and I imagined running into her at the cemetary. Usually I try to concentrate on the music -- the players, themes, currents. Although today is the anniversary of my mother's death. ",1,5,5,,,,,,,68,Female ,4,,J 
52,2,1,1,3,1,4,3,2,3,B2 ,I remembered being in Vienna years ago and seeing scenes that Beethoven could have seen. I did research on salons and I remember scenes/ sketches from books where he would have played or his work would have been performed,5,3,3,H2,"I imagined a cat walking, pracing, meowing, growling, whining. And she ccame back briefly in movement 5",5,5,5,,74,Female ,5,0,I 
53,1,1,1,2,1,3,3,1,1,B1,visualized people dancing,4,1,2,H5,visualized a large seurat painting,3,2,2,,43,Female,4,15,J
54,1,3,2,1,1,5,1,3,1,"B2, H2","Beethoven: The rhythm of colour and shapes, Hough piece: Aupare - my happy thoughts of Paris and remembering when my father sued about parle in Paris. He was a student in Paris before the war",5,5,5,B2,"Not a scene per se but the rhythm pulsed with color accents. I see colour + shapes dark notes - bon notes one saturated black, dark blue, purple",5,5,5,,73,Male,5,,K
55,3,3,2,3,2,5,1,2,2,B2,"It brought back the memories of the conversation I had with my friends group. We talked about the string quartet music itself how we liked it. Also talked about the first time we heard it. Talked a lot about our childhood & the music we were exposed to thanks to our parents. (Smell of coffee, too) ---> because we also talked about it.",3,2,2,H2,"The pants in Paris, NJ, other places in general. Walking alone through a path the smell, sound (wind, birds, footsteps etc), view of sky...",5,2,3,the theater A l'egalise... interesting harmonic texture of the music brought up interesting musical joy;..,57,Female,5,20,J
56,4,3,3,2,3,2,2,1,1,H2,Sinlight and sidewalks and people walking on a path. Shadows and something faintly menacing watching,4,3,4,B1,"Call + respomse, conversations. Sometimes between birds, sometimes between people... teashing and calling out",4,4,4,,56,Female,3,2,I 
57,1,1,1,3,1,4,3,2,2,B1,"The amazing physical involvement of the musicians with each other and with the music reminded me of playing music myself in high school band. The harmonic relationships are what we need in our world today. We should be able to peacefully + joyfully interact with others, so sad that it is lacking today in our world. ",5,5,3,H4,The amazing dino note - wonderful. Also the marionettes in this movement. ,5,5,2,,75,Female,,15,J
58,1,1,1,1,1,5,1,1,1,,No contours just paying attention to the music - quality of players bowing why is the viola to the far right,1,1,1,,"Just ""visualizing"" the music trying to imagine the score no scenes no memories",1,1,1,Just listening to the music & focusing on it (and the woman next to me who breathes loudly & irregularly through her nose),57,Male,4,8,J
59,1,1,1,3,1,4,1,1,2,B4,The concert 2 attended at with my dad.,3,3,2,,,,,,,39,Female,4,,J
60,4,2,4,4,1,2,2,2,1,"B4, H5",I remember backyard bunnies and squirrels dancing around the forest. At quiet beautiful and serene. ,4,4,3,"B4, H5",Ballet dancers on stage in floutes dresses dancing to the beat of the music. ,4,4,5,,66,Female,3,5,K
61,4,3,1,1,1,1,3,1,2,B1,"I was a young man, this was in a hot air baloon. First I saw children playing and laughing. Then I saw people Dancing. Then bunnies not marathon. Then horses grazing in the grass. The I was making love to my wife in the field. ",5,5,3,H1,I was on a sailboat at sunset. It was very serene. I had pefect peave as I danced along.,5,5,3,,,Male,3,0,J
62,1,1,1,1,1,1,1,1,1,,"I listen closely, I listen well - I am a professional musician and I listen carefully and in detail to the music and the performance. Irarely, if ever, have extra-musical associations when listening to music. ",1,1,1,,"see previous comment. Why would you assumed that listening to music promotes ""imaginings"". Is there research that strongly suggests this! ",1,1,1,,73,Male,,67,J
63,1,4,1,3,1,5,2,3,2,B2,"I remember playing 2nd violin in the piece - the drama, the long long long lines - the rest of deep in the 1st violin. the pleasure of all of the voices. ",5,4,5,,no story,,,,In the Beethoven I closed my eyes and saw the sound of the music in a chord of dark smoke exactly in the center of the space by the quartet members - it could then wafted out into the center of the first flow of the auditorium,75,Female,5,,J
64,4,1,1,1,1,4,1,1,1,,,1,5,5,,"Nothing was most vivid and sounded monotonous. ""Sawing wood"" is what it all sounded like to me. Back and forth... Back and forth... the pendulum drone-like sawing of the blow. Almost like fingernails on a chalkboard. the sawing putting me to sleep.. but again the sawing me from any relief from sleeping rest. mice running along the teeth of the saw. something in the same direction.. most times not... then running up tick and top... up and over the gradnfather clock",1,5,5,None of these elicited anything to me other than cacophonous annoyance... I think because my mind was not at rest to begin with since I am fresh into middle of processing a 5 1/2 day intense immersion into unsettling family encounters leaving me emotionally and cognitively depleted. My energy in any spent I;m looking to rest until another day when again music may enter... with its magic. ,71,Male,3,50,I 
65,2,1,1,1,1,4,1,1,2,"B2, H2","The agitation in the music (somtimes) invite thoughts and images of people in distress or competitive chase. To be honest, I was more attentive to very precise interactions of the ""instruments"" ie the sachrads. The merging and intensity of one or the other ""could"" correspond to figures in a story bu I couldn't actually ""see"" that or tell myself that strong when listening. ",2,2,1,"B2, H2",,2,2,1,,81,Female,5,0,E
66,3,1,1,3,2,4,2,1,2,H4,"Thought of theatre paintings by Toulouse Lautrec and Dega paintings of dancers that I have seen and studied. Saw the drama, lighting, exaggerated forms depicted in the paintings. ",4,4,2,H2,"Fictional scene - scenes depicted in Impressionism paintings - the sense of the moment, the sensations of the scnee - but not a narrative. The Beethoven was very cerebral - and bid she to abstract ""images""",4,4,2,"The Hough Quartet brought to mind ideas abd eotions expressed in Impressionist and all movements were subjects of the paintings. I thought a lot about how the sounds evoked the images I was familiar with and reflected the upharbal or all levels of experience from 1890-1920's . For the Hough piece- motion instruments dance were what I experienced, and nachieve or memories from any life but memories of other . ",77,Female,5,20,E
67,3,1,1,2,1,5,2,2,2,H5,Remember the warmth and sunlight of a garden in Aix-en-Provence. Also the smells of flowers and heat coming off the Earth. And the olive trees. ,5,4,4,H3,I imagined the lobby of a hotel with the staff pushing around to attend to the guests of check0in; at the coneirge desk; providing cofee & drinks; attending to luggage. And guests greeting each other with laughter and hugs. Palm trees and sunny spaces. ,5,4,5,,75,Female,5,4,K
68,3,1,2,2,1,4,2,2,1,B2,Memories of being on the beach and of sailing. Walking on the deck with crisp air and comfortable breezes. My shawl blowing in the breeze. Feeling calm + relaxed but also like I could do anything. Hopeful + content at the same time. ,5,4,3,"B3, H5","One of the Hough movements made me clearly imagine 2 or more people fighting, arguing. ",5,5,2,,59,Female,2,0,J
69,4,2,1,5,3,5,2,1,2,B1,It was playing in orchestra. Trying to learn cello fingering. The disappointment that I didn't want to practice. And that in 6th grade our school had a guess where we'd end up. Mine was a concert cellist (I'm not). ,5,2,5,"H1, H2","I imagined being in a set of a BBC/PBS period piece filmed in France. The greenery- the women in long shirts, etc.",4,3,3,"Plucking - my dad used to say ""you shouldn't pluck"" (he was a judgemental Brit) - and how much I enjoyed it",54,Female,3,30,J
70,2,,3,,,,,,,"B1, B3, B4, H4","1) Wailing of violins in concert halls, with wet pavement outside - from Paul Jennings, British columnist & humanist, noted for ""oddly"" book series.   2) Mud pots, bubbling upwards (i.e. geothermal type.     3) Small groupings of small birds, flying up &down inside a cavernous old brick faculty building (the type with ranks & ranks of small windows) birds are seeking a window from which to escape, unsuccessfuly.     4) Tightly modulated scales of music like viewing a finely mandolined large vegetable such as a cucumber, with the stack of slides sliding diagonally into the scales",4,5,5,B4,"Robin Hood has just returned towards his troupe in Sherwood Forest after one of his numerous hair-raising encounters with the rather inquisitions. Sheriff of the local town, and is enjoying the melodious stirrings of the forest trees, accompanied by flashes of dappled sunlight, which ahve a heartwarming familiarity to him.",4,5,5,,72,Male,3,0,K
71,3,2,1,3,2,4,2,3,1,B3,"Not super imaginative - this was of playing variation quartet sherzi with my husband and kids, and especially the faces and hands of the kids when they were younger and variation disussions of why ""seherzin"" are so called ie ""jokes"" in Italian and how our little one Roberto found that funny",5,5,5,"B2, H2","This was slightly inspired by a movie I just saw ""The Return"" thinking this would have made a much better soundtrack but then I started just thinking of the mood of the movement and what kind of love story it would involve and I thought probably one of absence. ",4,5,5,A l'hotel --> I wrote an entire story about people ___ and going in the hotel foyer. ,52,Female ,5,,I 
72,2,1,1,2,1,4,1,1,2,"B4, H6",At these times I remember thinking about all the times I've attended concerts and rely ___ sources in this space,3,4,4,"B1, H5",In movement 5 (Hough) I was glued in because the composer said it was the bleakest wound,3,4,2,,60,Male,3,6,J
73,1,1,1,2,1,3,3,3,3,H1,It's a memory of watching an old black and white film - people moving jumpily at odd speeds,5,2,2,,Oh dear - I have no fictional imaginings ,,,,I don't think I day dream anymore. I did when I was younger,67,Female ,3,0,J 
74,1,1,1,1,1,5,1,2,2,,I don't daydream when I listen to something like a string quartet,,,,,,,,,I watch the players and try to keep my mind as clear as possible to focus on the music. It's easy to do listening to such a truly focused group of musicians like the Takacs Quartet. ,,Female ,5,,J
75,1,2,1,1,2,4,1,2,2,H6,Reminded me of rushing through a Parisian street,5,4,1,H6,Rushing through crowded streets trying to keep up with my husband ,4,"4,5",1,,74,Female ,4,,I 
76,3,1,1,4,3,3,1,1,2,"B2, H3","It was a memory of a loss in my life, the loss of the love of my life
I imagine so well the busy life of a busy hotel. The image was so vivid. It's interesting, that out of all movements I remember the best the hotel :). But maybe because I recently stayed in one, and the memories are fresh still. ",5,1,5,"B1, H1","I had a vision of the scene that happened long time ago, when Beethoven just composed this Quartet, and it was a premier. How he listened critically the 1st performance of his creation. I imagined the feelings he could have. 
I kind of was given directions for the image; the busy street of 1920th in Paris: the cars, people walking ",5,5,5,,49,Female ,5,,I 
77,1,1,1,2,1,,2,3,1,B3,Baking with my son when he was little. He was very agitated and excited. ,2,4,5,,None. I didn't experience any fictional scenes. ,1,1,1,no,45,N/A,5,38,J
78,1,3,1,3,1,4,2,1,3,,"On the street in a busy market. Occasional bursts of color, of vocal outburst. ",4,4,5,H6,See above- - just as applicable here ,4,4,5,,74,Male ,5,20,K 
79,2,3,1,2,1,4,3,2,3,"B3, B4, H3, H6",2,2,3,,,,3,4,4,,86,Male ,4,75,I 
80,2,1,1,4,1,3,2,2,2,B1,"I remembered living in France 15 years ago. Specifically, I remembered walking up the steps in monmtre toward sacre coevr. ",3,5,4,B3,"I imagined a dinner table that all around sat robots instead of people. There was no food or drink and the robots were large and boxy like a child's halloween costume, they weren't speaking, just moving in a ""robotic"" way in small jerky movements.",4,5,5,"I experienced lots of nature/flowers, water, plants etc imagery especially during Beethoven's 2nd movement. Specifically a scene of a field with yellow buttercups and cattails swaying in wind ",33,Female ,4,0,H
81,3,1,1,4,1,4,2,1,1,H3,"A busy urban center old style hotel, very big, rooms sold out, very busy at lobby desk ",4,5,3,B2,Only 1 air traffic controller remains at JFK airport because all the rest were laid off. He is scrambling to run all functions and there is complete chaos,3,5,5,Hough 2 - a peaceful serene park,70,Male,4,10,B
82,2,2,2,2,3,4,3,2,1,H3,"I was thinking about my experience/ memory walking on the Washington Bridge and looking over to the frozen Lake Carnegie. This is a thing I do almost daily, so I recently I have been staring/seeing the frozen lake everyday. I recalled the cracks and blemishes on the ice surface (and thought about what would it be like to walk on them). Somehow this movement made me a bit cold. ",3,4,5,B2,"This movement conjured a field of flowers in my mind. More specifically, it's an open field of grass with lots of small flowers (daisies, buttercups perhaps). I also imagined a clear sky in the background. ",3,4,4,,24,Non-binary,5,5,C
83,1,3,1,3,1,4,1,1,1,B2,"A long time ago I heard this piece for the first time. Went in one ear and out the other. Same (mostly) the other times I've heard it. This time I was shattered. It was beatifully played, true but more, I'm old and hearing this and feeling my heart breaking, I realized something I hadn't quite before. You change much faster when you're old than when you're young. ",4,5,,,,,,,Just a thought. Does the knowledge that you'll be writing about something cause you to think differently during the performance? How would you test this in your reserach? I don't have any good ideas. ,80,Female ,5,0,F
84,2,3,2,4,2,5,5,3,2,"B2, H2",I played the violin part of the Beethoven in an amateur quartet. Walking in the park!,3,4,4,"B2, H2",,4,5,4,,,Male,5,80,H
85,1,1,1,1,1,1,1,1,1,,None,1,1,1,,none,1,1,1,I attend concerts to watch the performers. I listen to the music ,77,Male ,5,0,B
86,1,1,1,1,1,1,1,1,1,,None,1,1,1,,none,1,1,1,,77,female ,4,,B
87,1,1,1,1,3,5,,2,2,,It was beautiful. Relaxing. Could have been a full orchestra playing. Love watching musicians. Feel the music they are playing,4,5,2,,,1,1,1,,66,Female ,5,1,I 
88,4,2,1,3,2,4,3,1,3,"B4, H3",I remembered the time I saw Carmen at the Met opera ,4,4,4,H3,I imagined a monk tip-toeing at night. Then I thought of an elephant swaying under the stars,5,5,4,"Beethoven 1 - clouds in breeze/ river running water 
Beethoven 3 - rabbit hopping 
Hough 1 - chickens in Polish village chasing grain 
Hough 6 - Allied victory, soldiers marching through France on street (photo)",38,Male ,5,4,A
89,1,1,1,1,1,4,1,2,1,,,,,,,,,,,I was concentrating on the musicians. To see who was playing what. The difference in the tone of the two violins was interesting.,83,Male,4,70,I 
90,1,1,1,3,1,4,3,1,1,"B1, H6",,2,5,5,"B1, H6","Imaging the Composer writing - at piano, in ___ home, imaging the process of genius creativity ",4,4,2,,74,Female ,2,0,J 
91,1,3,1,3,1,4,1,1,1,"B2, H4, H5","Thinking of my husband who died - especially in the Hough, Marcel Proust, this specialty, loosens, sadness too. Personal to be particular losing my diamond car crash urban my daughter was 3, ate Hough - very sad movememnts 4 + 5",1,1,1,,This is not constructed well - no imaginings ,1,1,1,Dead husband - ,82,Female ,5,,H 
92,,,,2,4,,,,2,B2,"Memories were almost absent, but I did think back on a good class with ___ books, and how much the students enjoyed seeing them.",1,5,5,,I don't recall this happening at all ,1,1,1,"I thought about musical compositions almost the whole time. What to do, and violin, and how. Imagining different direction; contrasts of high/low, long/short, soft/loud, many/few. How to learn from Beethoven - how to imagine the Hough! Taking personal notes on how to compose, if I were to try. ",59,Male ,4,13,J 
93,2,1,1,3,1,4,1,1,1,"B2, H3","Thoughts of my grandmother and her life - sadness and happiness around her family. Confusion, taurmoil, despair of the current world.",4,3,4,"H3, H4","Individual feeling alone, depressed, looking for some hope ",3,3,3,,75,Female ,2,5,J 
94,3,1,2,3,1,4,2,2,3,H1,"Strolling in paris as a kid. First time I visited. People, faces, noise. I also thought about boule randous Berlin ",4,1,5,H2,"Strolling among beautiful nature very greenish. Spring time. People picnicking on the grass. Children playing ball and frisbee. A few years ago, 1980s? ",3,3,4,"The adagio make me happy I was transported fully into the melody 
First question primed the rest of the questionaire. I would have placed it at the end. ",57,Female,5,0,A
95,2,1,1,2,1,5,3,2,3,H1,"The music felt babbly, which made me think of champagne - which made me think of dinking champagne with my wife the weekend we became engaged. We received a gift of two beautiful champagne flutes and a bottle, and a friend took a photo of us through one of the filled, fizzing, glasses. The music evoked that fizzy, bubbly, happy moment for me. ",2,2,5,,I didn't experience a vivid fictional story or scene. ,,,,,47,Male ,5,41,C
96,4,2,1,4,4,5,1,2,4,H4,"Memories of emotional highs and lows - my parents, loves, fall scenes - melancholia mixed with longing for lost life moments. Parcuts, my father at the piano. My mother missing my father ",4,5,4,H6,"Intense industry. Factory processing with manic production. Unexpected sources of ___ ending home, exhausted and ready for quiet. ",4,5,4,,75,Male ,2,40,
97,4,2,2,5,1,5,5,5,5,"B2, H4, H5","Beethoven Adagio - beautiful long breath line scenery, home field scene
Hough; artistic view, museum visitings, dance scene ballet (modern) calligraphy paintings",4,4,4,"B3, H3","Beethoven - exotic feelings of folk stories, foreign culture 
Hough - French society - early 20th century, red moullerin, Les Six (musicians)",4,4,4,"Great music, performance in general. Great performing are with excellent undersatnding of style ",48,Female ,5,43,D
98,1,1,1,2,1,2,2,2,1,"B3, H6",Already forgot - like dreams - remember for only an instant and can't bring it back ,2,2,3,"B3, H6",,2,2,3,,79,Female ,5,40,H
99,1,3,1,4,1,5,4,1,4,B2,"I imagined moments in my life when I've felt immense pain - not a specfici memory of pain, but general resonance of the emotion ",5,5,2,B1,"I realized that daydreams don't come naturally to me - but when I tried to think of a specific fictional imaginging, I imagined galloping horses in the countryside during a bright sunny vividly green day",5,2,3,,31,Female ,5,,A
100,1,2,2,1,1,3,2,1,2,"B2, H5","Not so much a memory as emotion - warmth, summer, colors, water ",4,4,3,,I did not experience this ,5,5,4,"During the Hough, I experienced __ ___ of emotions that seemed to be expressed also in ___ to feelings in color and warmth ",81,Female ,3,,C
101,3,1,1,2,1,4,2,1,2,B3,I remembered attending a class about Beethoven and the teacher described how Beethoven would repeat a note or chord before changing to another key or theme. ,5,4,5,"B2, H2","Hough - remembered a park scene from Proust, in which the children were playing. 
Beethoven - romeo and juliet in the tomb.",4,4,5,The Hough movement that was dark reminded me of the horrors of WWII. Are we heading there again? What sort of life will my grandsons have?,70,Female ,3,0,B
102,5,2,3,1,3,5,2,2,1,"B4, H6",,5,5,1,"B4, H1",,5,5,1,,64,Male ,2,60,H
103,1,1,1,2,1,3,1,1,3,H1,Strolling down the grand boulevard in Paris. The view down the Champs-Élysées forom Grande Arche de la Défense,3,2,5,,Didn't have any fictional imaginings ,1,1,1,,80,Female ,3,60,B
104,4,1,3,3,3,5,3,1,1,B1 ,"Happy, sunny, uplifting. We often listen to uplifting classical happy music during breakfast with out children growing up reminds me of a happy, birght start to the day. Also, spending many springs in London, visitng gardens, galleries and museums ",5,5,2,"H4, H5","Brought to mind the manic, almost macbre feeling of the drift from a happier period to a tragic, scary next stage ",5,5,1,"Beethoven movement #3 same as movement #1 brought to mind a happier, positive and simpler time",68,Female ,4,0,A
105,2,2,1,3,1,4,1,1,1,,Daily memories of playing this with friends much more slowly and no where near the depth and understanding,5,5,5,B2,Snatches of a beautiful lady the lower voices were a heart beat ,5,3,1,,87,Female,5,80,B
106,4,4,2,1,1,5,3,1,1,H2,Raindrops sound. A park without any people. Little loneliness. Some emotional history ,4,2,4,B1,romantic and dramatic story. dancing woman and man ,4,2,3,"Tangled ribbons, resonated (sound) waves. dance (stands out the most), play, poem, ",27,Female ,4,25,C
107,1,1,1,2,1,5,1,2,1,,,,,,,,,,,This survey does not work for me. I am afraid I think almost exclusively about the form of the music and the performance. To the extent I am just thinking about ___ I am thinking of the performers. Sorry! ,90,Male ,5,10,E
108,1,1,1,1,1,1,3,2,3,,,1,1,5,,,1,1,5,,74,Female ,4,0,F
109,3,2,1,1,1,4,2,2,1,B1,No specific actual memory ,5,5,3,B1,"A lush pasture with the sun shining; then a storm brewing, and finally clearing ",5,5,3,"Movement 5 of the Hough was exquisitely beautiful, in contrast with the more dissonant movement that preceeded it",51,Male,4,45,C
110,1,1,1,1,3,3,1,1,3,"H4, H6",Thought of Muppets ,5,5,3,,Muppets Harold ___ sitting on the balcony ,5,5,3,,91,Male,5,0,C
111,1,1,3,1,1,4,1,1,1,H2,Thinking Manet Dehors et Sur L'herbe Grovinos for Sculpture version.,4,4,4,H1,Paris Last September,4,4,4,,72,Female,4,,H
112,1,1,3,1,1,4,1,2,1,,"No memories, just relaxed, peaceful, and removed from everyday life ",4,5,1,,,,,,,63,Male ,4,0,A
113,1,2,1,2,1,4,1,1,1,B2,,,,,B2,Sense of playfulness in a meadow. Perhaps animals or perhaps people. No story developed. The imaginings continued with no narrative ,5,5,2,,60,Female ,2,1,C
114,4,1,1,3,1,3,1,1,1,H1,Being at the NYC ballet watching/experiencing a balanchine ballet - modernist scenery; colorful costumes,5,3,4,B1,"Shorebirds running, exploring, frolicking, skirmishing, wading to and fro at the beach",5,3,4,,60,Female ,4,10,F
115,3,3,1,4,1,2,4,1,2,"B3, H5",A conversation I had had earlier that day about future plans before rushing to class. it was slightly frustrating,4,5,4,H2,"Rain drops in a pond, sunlight, a walk ",5,3,i don't understand this question,,19,Prefer not to say,3,12,A
116,1,1,1,1,1,4,1,1,2,B2,I enjoyed the music. Occasionally I thought of the papers I'm grading ,5,5,1,H2,I was walking through a park and listening to birds and trees ,5,5,1,,57,Female ,5,,A
117,1,1,1,1,1,3,1,1,2,,a big blank ,1,1,5,,N. a.,1,1,5,,81,Male ,4,,C
118,1,1,1,2,1,5,1,1,1,,I was just enjoying the music ,,,,,I was not imagining any scenes,,,,,75,Female ,3,,B
119,4,4,2,3,4,3,2,2,2,H3,Roaming through the woods leaping around live ,4,3,3,B3,Mine and tohe oral enjoying each other's company,4,3,3,I loved the exciting times of the music and the playing off of each other.,82,Female,3,50,B
120,4,2,1,3,1,3,1,1,2,B1,"Scene of children at play, throwing a ball around, having a little spat, laughing and yelling at each other",5,4,3,B2,"Journey through a woods, encountering sunlit glades and some dark regions filled with shadows - but then emerging back onto the path and seeing birds and flowers",4,3,4,The Hough didn't do it for me...,84,Male,3,0,F
