"Fictional_story","Abstract_shapes","Sensory_sensations","Life_experiences","Media","Music","Future_plans","Building","Everyday","Movement_mem","Mem_description","Mem_music_evoked","Mem_spontaneity","Mem_individuality","Movement_story","Story_description","Story_music_evoked","Story_spontaneity","Story_individuality","Other_info","Feedback","join_key","Age","Gender","Music_listening","Practice","Location"
"Not at all","Not at all","Not at all","A small amount of the time","Not at all","A small amount of the time","Not at all","Not at all","Not at all","Br1","A Royal Court","Mostly","Mostly","Slightly","Br1","As above -- mostly static images","Mostly","Moderately","Moderately",NA,"1st half -- more interference in the music. Brahms more complex -- demanded my full attention","1","80","Male","Moderately frequently","4","E"
"A moderate amount of the time","A small amount of the time","Not at all","A moderate amount of the time","Not at all","Most of the time","A moderate amount of the time","A small amount of the time","A small amount of the time","Br3","No particularly strong memories. Some work related stress :( Similarly thought about stressful interactions at work with coworkers","Moderately","Mostly","Moderately","Br3","Very intense storm over a desert (either movement 2 or 3). Turbulent clouds. Rain.","Entirely","Mostly","Moderately","The lst movement (last ~1.5 minutes) were so powerful!",NA,"2","28","Male","Moderately frequently","Not daily practice but weekly? For 5 years","G"
"A moderate amount of the time",NA,"A moderate amount of the time",NA,NA,"Most of the time",NA,NA,NA,"Br1","Reminded me of the tune from Dr. Zhivago. Could remember the soup on a cold day.","Mostly","Mostly","Mostly","Br1","Dr. Zhivago","Mostly","Mostly","Mostly",NA,"Nice! Glad to be a part of your research. Would be interested in your findings. Maybe present them at a different PUC!","3","52","Female","Moderately frequently","N/A","H"
"A small amount of the time",NA,"A small amount of the time",NA,NA,"A small amount of the time","Not at all","Not at all","Not at all","Br1;Br4","At times I was too distracted by the hands of the pianist and the intense emotions of the viola player. Br1: The first movement made me think of the ocean sea and its many moods from quietly lapping to a raging storm.","Moderately","Slightly","Slightly","Br1;Br4",NA,"Moderately","Slightly","Slightly",NA,NA,"4","78","Female","Moderately frequently",NA,"G"
"Not at all","Not at all","Not at all","All of the time","Not at all","All of the time","All of the time","Not at all","A moderate amount of the time","Br1","I remembered times when I played the piece myself","Entirely","Entirely","Entirely","Br1","No fictional story","Not at all","Not at all","Not at all",NA,NA,"5","31","Male","Very frequently","24","I"
"A small amount of the time","A small amount of the time","A moderate amount of the time","A moderate amount of the time","Not at all","A moderate amount of the time","A small amount of the time","A small amount of the time","A small amount of the time","Br2",NA,NA,NA,NA,"Br2","I imagined sheep as the music started, and their wooly bodies were quite vivid and lifelike","Moderately","Entirely","Moderately",NA,"I found it interesting to categorize my inner musings as memories, plans for the future, fictitious musings and everyday stuff. Often, these become intertwined as the memories morph into new concepts and ideas for the future","6","38","female","Frequently",NA,"k"
"Most of the time","A small amount of the time","A small amount of the time","Most of the time","A small amount of the time","All of the time","Most of the time","Most of the time","All of the time","Br2","My relaxing wonderful lunch with my daughter on Sunday. Afterwards- out talking to the aary","Mostly","Entirely","Entirely","Br4","Definitely a frantic search for something important","Entirely","Entirely","Entirely",NA,NA,"7","58","Female","Moderately frequently","04-May","K"
"Most of the time","Not at all","Not at all","A small amount of the time","A small amount of the time","A moderate amount of the time","Not at all","Not at all","Not at all","Br3","to con donn to detail, all over the board","Slightly","Mostly","Mostly","Br4","a lot of fictitious images about my prior job in law enforcement","Mostly","Mostly","Entirely","No",NA,"8","57","Male","Very rarely","Never","K"
"Not at all","A small amount of the time","Not at all","A moderate amount of the time","Not at all","A moderate amount of the time","A small amount of the time","Not at all","A small amount of the time","Br3","The scherzo has been one of my favorite pieces since I was a teenager and I listen to it often. The last time I saw it performed was by faculty at a summer music camp I attended when I was 16. I kept thinking about the summer camp even though those memories in general don't 'match' the music.","Entirely","Mostly","Mostly",NA,"No ficional thoughts that I remember",NA,NA,NA,NA,NA,"9","34","Female","Very frequently","15","K"
"A moderate amount of the time",NA,NA,"A small amount of the time",NA,"A small amount of the time",NA,NA,NA,"Br3",NA,NA,NA,NA,"Br3","The opening of the Scherzo brought to mind a scene of people fleeing by night through a wav-torn landscape. But the major section following brought to mind people marching proudly by dat. The alternation of there themes grew to suggest an entire population, a national struggle of some kind. The finale continued their feeling.","Mostly","Entirely","Moderately",NA,NA,"10","73","Male","Very frequently","68","I"
"Most of the time","Most of the time","A small amount of the time","A small amount of the time","A small amount of the time","Most of the time","A small amount of the time","A small amount of the time","A small amount of the time","Br3","Thought about my own experiences performing in concert band. Very easy to sway along/ move to the tempo of the beat. Brahms holds a place in my mind -- I remember playing autumn-inspired piece (don't remember it's name unfortunately) in high school. Brahms ... holds a very melodramatic space in my head.","Mostly","Mostly","Mostly","Br2","A story of the future --a nurse gets called to a mission in space (have no clue why, I just like the visual). She's blasted into space, there's visual spectacle of all the shapes and stars and galaxies","Mostly","Mostly","Mostly",NA,"As someone who treasures creativity, I enjoy this exercise, as it allows for a spontaneous burst of thought. Classical music is always going to be an exercise of emotion (amongst other, more rigorous things). I think this was a good way to consciously engage yourself in the concert -- encourage more of a commitment to insert yourself into the music.","11","25","Male","Very frequently","8","K"
"A moderate amount of the time","Not at all","A small amount of the time","Not at all","Not at all","All of the time","Not at all","Not at all","Not at all",NA,NA,NA,NA,NA,"Br2; Br3","Br2: Romantic conversation in flower/plant conversations/ Riverside; Br3: a card game disagreement!","Entirely","Entirely","Mostly","3rd and 4th had horse racing/galloping moments",NA,"12","71","Female","Very frequently","60+","J"
"A small amount of the time","Not at all","Not at all","Most of the time","Not at all","A moderate amount of the time","Not at all","Not at all","Not at all","Br2","memories of social events, memorable places","Mostly","Mostly","Slightly","Br2",NA,"Mostly","Mostly","Slightly",NA,NA,"13",NA,"Male","Very frequently",NA,"J"
"All of the time","All of the time","Most of the time","Most of the time","Not at all","Not at all","Not at all","Not at all","Not at all","Br3","A late night moonlit scene in a forest. A lone rider on a horce galloping towards a destination. The moonlight blending the trees illuminating the path. The seat of seeat and pores. Amist shrubbery through the underbush. The horse slates down as the rider nears a pond, the stars reflected in the water the horse clarifies cool worse while the rider contemplates the steps and his fate","Entirely","Entirely","Entirely","Br1","The rider emerges from __ on a cloudy night. Slowly and with trepidation peaks a forest as the skys clear and a full moon's light blendes the trees. The rider ___ proceeds, the horse galloping beneath him towards an unfound destination. Night spirits around in the surrounding woods, dancing in the moonlight","Entirely","Entirely","Entirely",NA,"More the night more enjoyable and vivid.","14","63","Male","Very frequently","Oct-15","H"
"A moderate amount of the time","A moderate amount of the time","Not at all","A moderate amount of the time","A moderate amount of the time","Most of the time","Not at all","A moderate amount of the time","A small amount of the time","Br2","Dancing to the lyrical movement - long dresses - summer evening","Entirely","Mostly","Entirely","Br3","Racing horses - a chase scene","Entirely","Entirely","Mostly",NA,NA,"15","75","Female","Very frequently","many, many years","I"
"Not at all","A small amount of the time","Not at all","A moderate amount of the time","A moderate amount of the time","Most of the time","Most of the time","Not at all","A moderate amount of the time","Br2","End of relationships - marraige, etc.","Slightly","Mostly","Mostly",NA,NA,NA,NA,NA,NA,"Really - my mind wanders until I come back to watching the musicians and paying full attention to the music itself.","16","73","Female","Moderately frequently","Not recently - childhood","H"
"Not at all","Not at all","A small amount of the time","A small amount of the time","Not at all","All of the time","A small amount of the time","A moderate amount of the time","A small amount of the time",NA,"Nope! I was entirely focused on the music or distracted by minor nonsense in the space.",NA,NA,NA,NA,"Nope! No ""imaginings"" or none that were significant enough to stick around. Too engrossed",NA,NA,NA,"The syncopated 3rd mvt was so engrossing and the tempo was so fast - super engrossed and on the edge of my seat. Sorry, no memories or ""imaginings"" during the second half of the concert - too engrossed!","Big time framing effect - had lots of meta thoughts. People with clipboards made distracting noises. Fun though! Good luck with this cool study!","17","44","Female","Very frequently","From age 8-25","I"
"Not at all","Most of the time","Not at all","Not at all","Not at all","Most of the time","Not at all","Not at all","Not at all","Br1; Br4","1. Magestic - beauty - sorrow 4. Dance like apoteosic","Mostly","Mostly","Mostly",NA,NA,NA,NA,NA,"Watching the musicians live playing the music is an extraordinary experience!",NA,"18","78","Male","Frequently","none","I"
"A moderate amount of the time","Not at all","Not at all","A small amount of the time","Not at all","All of the time","Not at all","All of the time","All of the time","Br1","On all of the movements, but mostly the first, vivid memories of page turning for other pianists during chamber performances. A little anxiety inducing","Entirely","Mostly","Entirely","Br4","During the funeral - march movement in f minor (i think???) I imagined dark night shy with old, crumbling, buildings. Very vivid, felt very ancient","Entirely","Entirely","Mostly",NA,"Everyone who took part in the survey is cool and beautiful and a genius and I am in no way biased as a music department student! Y'all are awesome and endlessly innovative","19","24","Female","Very frequently","18","H"
"Not at all","Not at all","Not at all","A moderate amount of the time","Not at all","A moderate amount of the time","Most of the time","Not at all","Not at all","Br1; Br3","Memory of a past conference - triggered mainly by my thoughts/plans for a future conference.","Not at all","Entirely","Entirely",NA,NA,NA,NA,NA,"I spent most of my time thinking about research plans",NA,"20","29","Female","Moderately frequently","I don't play any instrument nor sing","G"
"Not at all","Not at all","Not at all","Not at all","Not at all","All of the time","Not at all","Not at all","Not at all","Br3","No specific memory, really. Just a very tense movement, so made me think of walking on a balance beam...",NA,NA,NA,NA,NA,"Entirely","Slightly","Moderately","In this piece, I was entirely focused on the music and the performers. Imagining was a luxury reserved for a less compelling piece. I was fixated on them like there was going to be a test immediately after","Fun!","21","55","Female","Very frequently","10","G"
"A small amount of the time","Not at all","A moderate amount of the time","A small amount of the time","Not at all","A small amount of the time","A small amount of the time","Not at all","Not at all","Br1","I remembered more memories from summer in Vermont. I thought about particular places in Marlboro- town center, south pound, the music festival, and houses around town.","Entirely","Not at all","Entirely","Br3","Somewhere around here someone in the audience made a bunch of noise, and I started thinking of different ways audience members could ruin the performance by making noise.","Not at all","Not at all","Not at all",NA,NA,"22","28","Male","Moderately frequently","12","G"
"A moderate amount of the time","A small amount of the time",NA,"A moderate amount of the time",NA,"All of the time","A moderate amount of the time",NA,NA,"Br1","attacking peoples concerts NYC 1970s with 100s of (Wash Fring Schoool Manhattan) audience members in their 50s-70s-80s most emerque's from Europe, watching their hands quieter as they fingered the shops of the washmakers they played in youth-- A very demanding audience, no matter how son we ___ in auditorium, a dozen old ladies had elamed entire ros for their friends and defended ""their"" temporary as we week by clamped to rear of balancing.","Mostly","Moderately","Moderately","Br2; Br4","A mindful celebration not military but full of of people -- beloved by protagonist remembering almost in a dram of multiple years of a life long part. The outside the vigorous sounds of a row generation dancing of peaging--perhaps grandchildren of the elderly dreamer","Mostly","Mostly","Mostly",NA,"Seems a bit understranded. Please no ""starp rcs"" -- just cherry pick. Social science research is but some as contemplating society.","23",NA,"Male","Frequently","Almost daily 40 years","F"
"Not at all",NA,"Not at all","A small amount of the time","Not at all","Most of the time","Not at all","Not at all","A small amount of the time","Br3","The rapid rhythm of the music brought back a memory of dancing wildly around -- as well as a ranch experience. Unlike the first half of the program however, the Brahms did not evoke much ""imagining"".","Slightly","Slightly","Slightly","Br3","Again the rapid rhythm prompted a scene of horse racing","Entirely","Entirely","Slightly",NA,"Happy to be able to participate! I think some of the questions could be better worded however -  it dwas unclear exactly what the referece was in the second page and 2A. And the term ""imaginings"" was not entirerly linked in.","24",NA,"2","Frequently","65 years but probably not daily","I"
"A small amount of the time","Not at all","Not at all","A small amount of the time","A moderate amount of the time","All of the time","A moderate amount of the time","Not at all","Not at all","Br4","OWAs was the present mostly. Music evoked mostly was in the pleasant with the music is rhythm, timing, ___. Anxious, not bad best how the music was reaching for ___.","Mostly","Mostly","Entirely","Br2","___, ____, Countryside","Mostly","Mostly","Entirely",NA,": )","25",NA,"4",NA,NA,NA
"A small amount of the time","Not at all","Most of the time","Most of the time","Not at all","All of the time","Not at all","Not at all","Not at all","Br4","A broad river, intensely blue, the sensation of floating along it. That occurred for a second - while, but mostly I thought only of the music as music. Also, somewhat I let my imagination loose on the ideas of what it must have felt when to compose it.","Entirely","Entirely","Entirely","Br4","What it might have been like to come up with these musical ideas and to write them out. The labor, the temporary frustration, a final tirumph.","Entirely","Entirely","Entirely",NA,"It made me realize how difficult it is to translate musical experinece into other mental events. In fact, I think it is impossible.","26","73","Female","Very frequently","Twelve","H"
"A moderate amount of the time","Not at all","A small amount of the time","Not at all","Not at all","Most of the time","Not at all","A small amount of the time","A small amount of the time","Br2","Being in an open market place, in front of Italy. Not very specific in the details.","Slightly","Slightly","Mostly","Br2","Dancing in an outdoor venue. 19th C setting. I was thinking about how the music was inspired by folk music, particularly for dancing couples.","Entirely","Mostly","Moderately",NA,"It's a good idea to learn about the audeince's thoughts. Will we learn of the results and analysis? Thank you!","27","68","Female","Frequently","Never","G"
"Not at all","Not at all","Not at all","Most of the time","Not at all","All of the time","Not at all","Not at all","Not at all",NA,"I thought about when I played this piece and how much more difficult it is than these wonderful musicans made it sound.","Entirely","Entirely","Entirely",NA,"Not fictional",NA,NA,NA,"I thought the second movement was a little fast!","I think this kind of imagaining might be more prevalent listening to recordings. In a live performance one wants to attend to the immediecy of the experience.","28","77","Female","Very frequently","70","I"
"Not at all","Not at all","Not at all","Not at all","Not at all","All of the time","Not at all","Not at all","Not at all",NA,"No memories at all. The music (Brahms) was just gorgeous - all consuming. There is no room for anything outside the music. It creates its now vast sapcea nd then unfolds within + beyond that. It is beyond the time of memories or imaginings.","Not at all","Not at all","Not at all",NA,"None at all","Not at all","Not at all","Not at all",NA,"Yes! I don't know how this research will reveal interesting results. Any non-verbal art will suggest memories if that is what you are looking for but how is listening to music different? And waht about a live performance - you ask no questions about that - it's different from listening to a recording.","29","73","Female","Very frequently","10 years from age 8-18; now 3 years","I"
"Not at all","Not at all","Not at all","Not at all","Not at all","Most of the time","Not at all","Not at all","Not at all",NA,"No memories - just music.","Not at all","Not at all","Not at all",NA,"None - sorry",NA,NA,NA,NA,NA,"30","77","Female","Frequently",NA,"E"
"Not at all","Not at all","Not at all","A small amount of the time","Not at all","Not at all","Not at all","Not at all","Not at all","Br2","One memory, or rather memory of a memory, from first grade (1945), of a blonde girl in my class, at recess outside. I think her name was Barbara.","Not at all","Entirely","Entirely",NA,"I had no fictional imaginings.",NA,NA,NA,NA,NA,"31","86","Male","Frequently","None. Tried to learn the clarinet when in school (~1954), failed.","F"
"Not at all","Not at all","Not at all","A small amount of the time","Not at all","A moderate amount of the time","A moderate amount of the time","Not at all","A moderate amount of the time",NA,"Orchestral music is visceral and takes over the body. Chamber music is cerebral and ___ for ___, it takes over the mind. Chamber music gives the listener more space for our mind to wander. When I was not focused on the players and the musicianship, my mind wandered to the personal ___ + ___ todau. I did not experience ___ or any special ....","Not at all","Entirely","Entirely","Br2","My ind wandered during the andante movememnt 2. No chance for it to wander in the Scherzo movemement when the music commands both body and mind.","Slightly","Entirely","Entirely",NA,"I am happy to do it. However, my guess is that the experience of synthesia - colors, smells, etc - has to do ___, the psychology of the listener and not the quality of the music.","32","81","Male","Frequently","10 years from age 8-18","D"
"Not at all","A small amount of the time","Most of the time","Not at all","Not at all","Most of the time","Not at all","A small amount of the time","A small amount of the time","Br3; Br4","I didn't have a memory, but this piece is familiar to me, which made me try to place where I've heard it before!","Moderately","Not at all","Not at all","Br2; Br3","I didn't have a vivid scene, mostly because I was distracted by a clanging cane down in the front row banging the floor. For a moment I got an image of scotttish bag pipes coming over mossy hill.","Mostly","Entirely","Entirely",NA,NA,"33","35","Female","Frequently",NA,"F"
"Most of the time","A moderate amount of the time","A small amount of the time","A small amount of the time","Not at all","Most of the time","A small amount of the time","A small amount of the time","Not at all","Br4","The harmony with the quartet in the smooth part were brought me suddenly back to Tyto in a Japanese ancient garden, ___ that day were incredibly sunny but not hot, the light reflects everything so gently, I remember how the curving of the plant, how the temple's structure when its combining with the smooth of cello. Then suddenly everything went harsher, pulling me every from the great travel memories that I have, and I was again into the music, impressed by gigantic harmony.","Moderately","Moderately","Entirely","Br2","___ I lift up my head in the early spring ___ how, back from China, I see the sun light passing through glass window puring its love at then I was ___.","Mostly","Moderately","Entirely","How the performers' expression and emotion emphasizes the music itself and personal memoires? For me, deeply involving in relating to and inverse in the music more deeply.","Maybe could adjust the Memories and Thenes to a bigger format. Everythign is great! : )","34","10 (or 60?)","Female","Very frequently","Eleven years of piano","F"
"A small amount of the time","A small amount of the time","Not at all","A moderate amount of the time","Not at all","All of the time","A small amount of the time","A small amount of the time","Not at all","Br1; Br2; Br3; Br4","I love all the movements so much.","Mostly","Mostly","Moderately","Br2","This movement made me think of Brahms and Clara","Moderately","Moderately","Slightly",NA,NA,"35","42","Female","Very frequently","30","E"
"A moderate amount of the time","A small amount of the time","A small amount of the time","A moderate amount of the time","A small amount of the time","Most of the time","A moderate amount of the time","A moderate amount of the time","A small amount of the time","Br2","It reminds me when I was helping a young cellist to learn the 2nd mvt. She needed to learn the notes (it's hard for her) and I was also playing the 1st violin part (on my cello) to help her get more ideas about what's happening in the context.","Moderately","Slightly","Moderately","Br3","A prince is riding a horse to and is in a rush. Not to save people. Probably in argency to see someone. The story didn't go on because the piece ended in a sudden (didn't feel like it was the end).","Mostly","Mostly","Moderately",NA,"Thank you.","36","27","Male","Frequently","20","F"
"A small amount of the time","Not at all","Not at all","Most of the time","A small amount of the time","All of the time","A small amount of the time","Not at all","A moderate amount of the time","Br2","Talking to my friend's girlfriend about what she sees in him and how she envisions their future to be like. More focus on the words/conversation rather than the environment at that time.","Moderately","Mostly","Entirely","Br4","Pirates of the Carribean, especially towards the final 2 minutes of the last movement. Jack Sparrow was about to get hung out makes a daring, misty escape! Very dramatic. The music also sounded privatee-y?","Mostly","Moderately","Slightly",NA,NA,"37","20","Female","Frequently","13","K"
"Not at all","Not at all","Not at all","A moderate amount of the time","Not at all","Most of the time","A small amount of the time","Not at all","A moderate amount of the time","Br2","Slowly moving up the _____ River in ___ on a paddle/steam boat from 1920s, looking at the peaceful scenes and visiting villages. 4","Mostly","Mostly","Entirely",NA,"No fictional imagining",NA,NA,NA,NA,NA,"38","83","Female","Frequently",NA,"J"
"Not at all","Not at all","Not at all","Not at all","Not at all","All of the time","Not at all","Not at all","Not at all",NA,"N/A",NA,NA,NA,NA,"N/A",NA,NA,NA,"All movements elicited a strong, musical response with me - notes, dynamics, texture - all about the music","Yes! As I continued with making my selections and comments... I began to feel more and more confident and even empowered with what I think is ""Phyllis-being"". I shall not waver in my convictions. This has been my movement with music.","39","80.5","Female","Very frequently","80.5 (voice) 10 years trombone, 4 years cello, 5 years recorder","D"
"Not at all","Not at all","Not at all","Not at all","Not at all","Most of the time","A small amount of the time","A small amount of the time","Not at all",NA,"None","Not at all","Not at all","Not at all",NA,"None","Not at all","Not at all","Not at all",NA,"This is a so-so survey, of a lot of priming and very imprecise wording everywhere.","40","62","Male","Frequently",NA,"A"
"Not at all","Not at all","Not at all","A moderate amount of the time","Not at all","All of the time","A moderate amount of the time","A small amount of the time","A small amount of the time","Br4","I was remembering the first time I heard this movement and I was thinking how lucky I am to hear it again played so well. It was so alive!","Entirely","Entirely","Entirely",NA,NA,NA,NA,NA,"The 1st mvt reminded me of my dad's love of this piece and how grateful I am to have his love of music in me.","It was a painless, fun experience","41","72","Female","Very frequently",NA,"E"
"Most of the time","Not at all","Not at all","Most of the time","All of the time","All of the time","Most of the time","A small amount of the time","Most of the time","Br3","Brahms was the first classical composer I fell in love with; this and his string sextet accompanied me on a long drive once to my dear friends Shawn and Lauren, on a frigid January day a few years ago; Perfect music for a 95 minute drive to Mahwah. I played this movement for them; they marvelled at its modernity.","Mostly","Mostly","Entirely","Br2","Slow movements always inspire the most vivid scenes; I've long wanted to make a film about Brahm's relationship with Clara Schumann after Robert admitted himself to a mental hospital. This seems like an accompaniment for a scene of Brahms writing a passionate yet restrained note to Clara, one of the famous ones declaring love, admiration, and friendship for her (if I remember correctly). If I don't, then this is what the story would be.","Mostly","Mostly","Entirely","Seeing Mr. Hogue play was revalatory; he looks a bit like Osker Werner, who starred in several films by Francois Truffaut; Truffaut always reminds me of Brahms, and vice versa; the first movement is thrilling.","It's hard to take surveys like this because it colors your approach to listening; I almost felt as if I was searching for the answers to these questions in the second half; it's not bad though, just tricky.","42","28","Male","Very frequently",NA,"J"
"Not at all","Not at all","Not at all","A small amount of the time","Not at all","Most of the time","A small amount of the time","A small amount of the time","A small amount of the time","Br4",NA,"Mostly","Mostly","Mostly","Br4",NA,"Mostly","Mostly","Mostly",NA,NA,"43","22","Female","Frequently",NA,"K"
"Not at all","A moderate amount of the time","Not at all","Not at all","Not at all","All of the time","Not at all","A moderate amount of the time","Not at all","Br3","Memory of reading a biography of Brahms and his stormy life!","Slightly","Slightly","Moderately",NA,"No fictional imaginings","Not at all","Not at all","Not at all",NA,"Not too relevant to my experience with music","44","73","Female","Very frequently","65","J"
"Not at all","Not at all","Most of the time","A moderate amount of the time","Not at all","All of the time","Not at all","A small amount of the time","Not at all",NA,"Know this piece really well! Fond memories of listening to it from childhood on --","Entirely","Entirely","Entirely",NA,NA,"Entirely","Mostly","Mostly",NA,NA,"45","67","Male","Very frequently","No regular practice","J"
"Not at all","Not at all","Not at all","A small amount of the time","Not at all","Most of the time","A moderate amount of the time","Not at all","A small amount of the time","Br3","Sounded like a great processional","Moderately","Slightly","Not at all","Br3","A great processional","Entirely","Moderately","Not at all",NA,NA,"46","77","Male","Very frequently","0","J"
"Not at all","A small amount of the time","Not at all","Not at all","Not at all","A moderate amount of the time","A small amount of the time","Not at all","A small amount of the time","Br2",NA,"Not at all","Not at all","Not at all","Br2",NA,"Moderately","Moderately","Mostly","Agagin - mostly I enjoyed matching the musicians",NA,"47","56","Male","Somewhat rarely","0","K"
"Not at all","Not at all","Not at all","Most of the time","Not at all","All of the time","Not at all","Not at all","A small amount of the time","Br1, Br2","I have played this before, so my memories were all fragments of my experience there - my own practice, rehearsal with friends, the performances.","Entirely","Entirely","Entirely",NA,"I did not have any fictional stories or scenes",NA,NA,NA,NA,NA,"48","50","Female","Very frequently","44 years","J"
"Not at all","Not at all","A small amount of the time","A small amount of the time","Not at all","A moderate amount of the time","Not at all","Not at all","Not at all","Br2, Br4",NA,"Mostly","Moderately","Mostly","Br2, Br4","#2 It was like prepare for thunderstorm","Moderately","Slightly","Mostly",NA,NA,"49","62","Female","Very frequently","0","J"
"Not at all","Not at all","Not at all","Not at all","Not at all","Not at all","Not at all","Not at all","A small amount of the time",NA,"The comments from the first part apply here.",NA,NA,NA,NA,NA,NA,NA,NA,NA,NA,"50","75","Female","Moderately frequently","None","J"
"Not at all","Not at all","Not at all","Not at all","Not at all","All of the time","Not at all","Not at all","Not at all",NA,"I watched the musicians and how they interact - listen to each play their instrument and part. Today thinking about the ___ was distracting",NA,NA,NA,NA,NA,NA,NA,NA,NA,NA,"51","68","Female","Frequently",NA,"J"
"Not at all","Not at all","Not at all","A moderate amount of the time","Not at all","Most of the time","A small amount of the time","Not at all","A moderate amount of the time","Br3","Remembering hearing this movement a lot.","Entirely","Entirely","Moderately",NA,NA,NA,NA,NA,NA,"Fun!","52","74","Female","Very frequently","I breifly played piano, but not right now","I"
"A small amount of the time","Not at all","Not at all","A small amount of the time","Not at all","A moderate amount of the time","Not at all","Not at all","Not at all","Br2","my mother; movement","Moderately","Slightly","Entirely","Br4","chase scene; skating scene","Entirely","Moderately","Entirely",NA,NA,"53","43","Female","Frequently","15","J"
"Not at all","Not at all","Not at all","A small amount of the time","Not at all","Most of the time","A moderate amount of the time","A small amount of the time","A moderate amount of the time","Br1",NA,"Not at all","Mostly","Mostly","Br1",NA,"Not at all","Not at all","Not at all",NA,NA,"Sep0403","48","Male","Frequently","20","D"
"Not at all","Not at all","Not at all","Not at all","Not at all","Not at all","Not at all","Not at all","Not at all","Br1",NA,"Not at all","Entirely","Entirely","Br1",NA,"Not at all","Entirely","Entirely",NA,NA,"Sep1864","36","Male","Very frequently","33","H"
"Not at all","Not at all","Not at all","A small amount of the time","Not at all","Most of the time","Most of the time","A small amount of the time","A moderate amount of the time","Br3","Like the racetrack!","Mostly",NA,"Entirely","Br3","Racetrack","Mostly","Entirely","Entirely",NA,NA,"01/07/9850",NA,NA,NA,NA,NA
"A moderate amount of the time","A moderate amount of the time","Not at all","A small amount of the time","Not at all","All of the time","Not at all","Not at all","Not at all","Br3",NA,"Not at all","Entirely","Entirely","Br3",NA,"Slightly","Moderately","Mostly",NA,NA,"01/10/2743","51","Male","Frequently","0","D"
"Most of the time","A small amount of the time","Not at all","Most of the time","A small amount of the time","All of the time","Most of the time","A moderate amount of the time","A moderate amount of the time","Br3",NA,"Slightly","Slightly","Mostly","Br3",NA,"Moderately","Mostly","Mostly",NA,NA,"01/10/5716","20","Female","Very frequently","15","K"
"A small amount of the time","Not at all","A small amount of the time","A small amount of the time","A moderate amount of the time","A moderate amount of the time","A moderate amount of the time","Most of the time","A moderate amount of the time","Br1",NA,"Mostly","Mostly","Mostly","Br1",NA,"Moderately","Mostly","Moderately",NA,NA,"01/06/6797","52","Male","Very frequently","0","G"
"Not at all","Not at all","A moderate amount of the time","Not at all","Not at all","Most of the time","A moderate amount of the time","Not at all","A small amount of the time","Br3","Calm","Moderately","Moderately","Moderately","Br3","Calm","Moderately","Moderately","Moderately",NA,NA,"aug318","53","Male","Moderately frequently","18","I"
"Not at all","Not at all","Not at all","A moderate amount of the time","Not at all","A small amount of the time","A moderate amount of the time","Not at all","A moderate amount of the time","Br2","I don't know if this counts as a memory. But I remembered conversations I have had with my advisor and collaborators, and gathered my thoughts about my plans for my research","Slightly","Mostly","Entirely","Br3","I imagined making various travel plans for later this year. A road trip in Northern California. A solo trip to Marrakech. Among others","Moderately","Mostly","Mostly",NA,NA,"01/08/2552","26","Male","Frequently","10","K"
"A moderate amount of the time","A small amount of the time","Not at all","Most of the time","A small amount of the time","All of the time","A moderate amount of the time","A small amount of the time","A small amount of the time","Br3","Meeting a new friend for the first time - but focusing on the social anxiety/uncertainty/awkwardness","Mostly","Mostly","Mostly","Br3","An army at war - staccato notes punctuating the march of a thousand soldiers. Torrential rain.","Mostly","Slightly","Moderately","The first movement evoked images of a gothic castle, also within a scene of torrential rain.",NA,"Jan1100",NA,NA,NA,NA,NA
"Not at all","Not at all","Not at all","All of the time","Not at all","A moderate amount of the time","A small amount of the time","Not at all","A small amount of the time","Br1","I remember buying the CD in 1998 and the room I listened to it.","Entirely","Slightly","Entirely","Br4","I was thinking about Brahms the man himself and how he might have felt","Entirely","Entirely","Entirely","I was focusing on the piano technique as I am an amateur pianist myself.",NA,"Aug1588","50","Male","Very frequently","30","H"
"A small amount of the time","Not at all","Not at all","A small amount of the time","Not at all","Most of the time","A small amount of the time","A small amount of the time","A small amount of the time","Br2","Reminded me of a lullaby","Moderately","Moderately","Slightly","Br3","Military parade","Mostly","Mostly","Slightly",NA,NA,"Jun1295","64","Female","Very frequently","5","J"
"A moderate amount of the time","Not at all","Not at all","Most of the time","A moderate amount of the time","A small amount of the time","Most of the time","Not at all","A small amount of the time","Br1","its like i was walking down the halls of a castle/giant royal building","Mostly","Slightly","Moderately","Br4","epic boss battle","Slightly","Mostly","Slightly",NA,"make the qr code on the paper form. also specify from the beginning that by memory you mean personal experienced memory, not made up memory","01/04/5778","16","Other","Somewhat rarely","10","F"
"A moderate amount of the time","A small amount of the time","A small amount of the time","A small amount of the time","A moderate amount of the time","A moderate amount of the time","A small amount of the time","A small amount of the time","A small amount of the time","Br3","Dramatic, rocking","Entirely","Not at all","Entirely","Br1","Drama, fantasy","Entirely","Entirely","Entirely",NA,"Great survey practice!","01/11/6593","59","Male","Frequently","0","I"
"A moderate amount of the time","A small amount of the time","Not at all","A small amount of the time","A small amount of the time","A moderate amount of the time","A small amount of the time","Not at all","A small amount of the time","Br2","wildlife, river running through, bird singing; myself playing piano when I was a child. The genre was so beautiful","Mostly","Mostly","Moderately","Br4","Thought about the scenes in the game I played. Thought about my first date. Thoughts about my room during childhood","Mostly","Slightly","Moderately",NA,NA,"mhy","28","Female","Very rarely","10","B"
"Not at all","Not at all","Not at all","A moderate amount of the time","Not at all","A moderate amount of the time","A small amount of the time","Not at all","A small amount of the time","Br3","Traveling with family, children young-","Slightly","Entirely","Moderately","Br4","Not much of a story- bits and pieces","Slightly","Slightly","Moderately",NA,NA,"feb1680","55","Male","Moderately frequently","0","I"
"Most of the time","Most of the time","A small amount of the time","Most of the time","Most of the time","Most of the time","Not at all","Most of the time","Not at all","Br4","It’s wide ranging and pushing emotion to a new level","Moderately","Moderately","Entirely","Br2","The waves of the movements came to mind. There was the force of nature and people. They met they clashed","Entirely","Entirely","Mostly",NA,"Very good design of the questions. The second part may have instrumental effects","0220jzxd","63","Male","Very frequently","0","I"
"A moderate amount of the time","Not at all","Not at all","A moderate amount of the time","Not at all","A moderate amount of the time","A moderate amount of the time","Not at all","A small amount of the time","Br1","I thought about all the times in my life I heard this work. At least 3 different settings.","Entirely","Slightly","Entirely","Br4","I did not imagine a fictional scene in any movement","Not at all","Not at all","Not at all","None",NA,"01/11/2238","60","Male","Frequently","46","K"
"Not at all","Not at all","Not at all","A small amount of the time","Not at all","Most of the time","A small amount of the time","A small amount of the time","A moderate amount of the time","Br2",NA,"Slightly",NA,"Slightly","Br1",NA,"Moderately","Moderately","Slightly",NA,NA,"01/07/7330","19","Female","Moderately frequently","7","K"
"Not at all","Not at all","Not at all","Not at all","A small amount of the time","All of the time","Not at all","A small amount of the time","Not at all","Br2","Thinking about film music.","Mostly","Entirely","Entirely","Br2","Watching past films.","Mostly","Mostly","Entirely",NA,"If I imagined nothing I felt possibly that some questions did not apply.","Jan0602","71","Male","Moderately frequently","60","J"
"A moderate amount of the time","A moderate amount of the time","A moderate amount of the time","Most of the time","Not at all","A moderate amount of the time","Not at all","A small amount of the time","A moderate amount of the time","Br3","Life is full of ups and downs but there is beauty in each moment to be had.","Mostly","Moderately","Mostly","Br3","Onward regardless","Moderately","Mostly","Mostly",NA,NA,"01/12/8339","67","Female","Frequently","2","A"
"A small amount of the time","Not at all","Not at all","A moderate amount of the time","Not at all","Most of the time","Not at all","Not at all","A moderate amount of the time","Br2","Playing in the woods with my childhood friend and building forts together","Entirely","Slightly","Mostly","Br3","Dancing in a ballroom","Entirely","Mostly","Mostly",NA,"Very happy to participate in this survey and to assist in your research. All the best!
Would welcome hearing of your findings/results if that is possible.","01/08/2261","62","Female","Moderately frequently","8","J"
"A small amount of the time","A small amount of the time","A small amount of the time","A small amount of the time","A small amount of the time","A small amount of the time","A small amount of the time","A small amount of the time","A small amount of the time","Br3","It is to good and I am speechless","Moderately","Moderately","Moderately","Br3","It is a long story that I can’t hardly describe it","Moderately","Moderately",NA,"It is so fascinating that I am speechless.","So good","01/02/4546","69","Male","Somewhat rarely","0","J"
"Most of the time","Not at all","Not at all","A small amount of the time","Not at all","A moderate amount of the time","Not at all","Not at all","Not at all","Br2","A grand ballroom with Victorian couples","Mostly","Slightly","Entirely","Br3","Mountain storm","Mostly","Entirely","Mostly",NA,NA,"01/02/2855","68","Male","Moderately frequently","10","D"
"Most of the time","Not at all","A moderate amount of the time","Not at all","Not at all","A small amount of the time","A small amount of the time","A moderate amount of the time","A small amount of the time","Br3","I didn’t have any memory","Not at all","Entirely","Not at all","Br3","I imagined Icelandic wild horses running free surrounded by waterfalls and green canyons.","Entirely","Entirely","Entirely",NA,NA,"01/04/6638","48","Female","Very frequently","5","J"
"Not at all","A small amount of the time","Not at all","A small amount of the time","Not at all","A moderate amount of the time","A small amount of the time","Not at all","A moderate amount of the time","Br1","Prior hearing this piece of music","Entirely","Entirely","Not at all","Br4","People pushing forward","Mostly","Mostly","Slightly","My mind wanders more in the second half of concerts","No","Dec793","73","Male","Moderately frequently","0","C"
"Most of the time",NA,NA,NA,NA,NA,NA,NA,NA,"Br3",NA,"Mostly","Slightly","Mostly","Br1",NA,"Mostly","Mostly","Mostly",NA,NA,"01/05/2226","63","Female","Very frequently","0","I"
"Not at all","Not at all","Not at all","Most of the time","Not at all","Most of the time","A small amount of the time","Not at all","Not at all","Br3","There was some timing issues between the piano and quartet which reminded me of playing Brahms 2 piano music with my partner and the difficulty of nailing Brahms’ metrical and rhythmic clashes. I remember the practice room vividly","Mostly","Slightly","Entirely","Br1","I did not experience any fictional imaginings.","Not at all","Not at all","Not at all",NA,"The questions were pretty leading and did not really represent my experiences of listening to music or offer opportunities to relate that experience","01/08/5040","33","Male","Very frequently","22","J"
"A small amount of the time","Not at all","Not at all","A moderate amount of the time","A small amount of the time","Most of the time","Most of the time","All of the time","A moderate amount of the time","Br3","Civic procession, city hall, town meeting","Mostly","Moderately","Mostly","Br3","Thomas Mann Buddenbrooks","Mostly","Mostly","Moderately",NA,"Too long","Mar0295","75","Male","Very frequently","6","J"
"Not at all","Not at all","Not at all","Not at all","Not at all","A small amount of the time","Not at all","Not at all","Not at all","Br1","My principal memory was of hearing the piece before.","Entirely","Slightly","Not at all","Br4","I didn’t really visualize a scene. Generally, I don’t visualize things.","Not at all","Not at all","Not at all",NA,"My brain doesn’t really work in a way that allows me to answer the questions. I just appreciate the music for the beauty of the sounds.","Aug0983","73","Male","Moderately frequently","0","E"
"A moderate amount of the time","A small amount of the time","Not at all","Not at all","Not at all","Most of the time","All of the time","Most of the time","A small amount of the time","Br1","I thought for a little bit about the dinner I just had. It was one of my first times eating at my new eating club, and I met many new people.","Not at all","Entirely","Slightly","Br3","During the march portions of the scherzo, I imagined a column of Napoleonic soldiers processing through the Triumphal Arch in Paris.","Entirely","Mostly","Mostly",NA,"None! Good luck with your research!","01/02/8120","18","Male","Very frequently","10","G"
"A small amount of the time","Not at all","Not at all","Most of the time","A small amount of the time","All of the time","A moderate amount of the time","A moderate amount of the time","A moderate amount of the time","Br4","I thought about my first love from college, not a specific memory but him in various places: outside the cafe in the open air one night where people smoked and I introduced him to a friend. I imagined him as he were: tall, dark-haired, olive skin, handsome, beautiful smile, cocky.","Slightly","Not at all","Mostly","Br3","I imagined receiving a message to reconnect from the first love I reminisced about during the same movement. Specifically, he sends me a Facebook message and I reply with all the good will and sincerity that it is so nice to hear from him.","Moderately","Mostly","Mostly",NA,NA,"01/02/6061","28","Female","Very frequently","0","G"
"A small amount of the time","Not at all","Not at all","A small amount of the time","Not at all","Most of the time","Not at all","A small amount of the time","Not at all","Br4","Emotions of longing angst building to almost a sobbbing and gasping before resolution","Mostly","Moderately","Moderately","Br1","Serenity","Mostly","Moderately","Moderately",NA,"The concert experience is different than listening at home","01/06/6416","2/3 of a century yesterday","Male","Very frequently","8","J"
"Most of the time","A small amount of the time","A small amount of the time","A moderate amount of the time","Not at all","A small amount of the time","Not at all","Not at all","A small amount of the time","Br2","Somber, but at time intense, tumultuous","Mostly","Moderately","Mostly","Br2",NA,"Mostly","Mostly","Entirely",NA,"Fine with taking survey.","01/07/4849","64","Male","Very frequently","0","C"
"A small amount of the time","A small amount of the time","Not at all","All of the time","All of the time","All of the time","All of the time","Most of the time","All of the time","Br1","I heard it from a long time ago. It seemed to appear in TV or commercial somewhere","Mostly","Slightly","Mostly","Br3","Very interesting graphic movements or the contemporary paintings I saw in the museums.","Mostly","Mostly","Mostly","Final movement is also very fun to watch the musicians’ expressions","Good!","Sep270","53","Male","Frequently","0","B"
"Not at all","Not at all","Not at all","Not at all","Not at all","A moderate amount of the time","A small amount of the time","A small amount of the time","A small amount of the time","Br3","I didn’t actually have a vivid memory.","Not at all","Entirely","Not at all","Br2","Again, I was not focused on any specific thought or memory.","Not at all","Slightly","Slightly",NA,NA,"01/09/3603","53","Female","Moderately frequently","4","G"
"Most of the time","Not at all","A small amount of the time","A small amount of the time","Not at all","A moderate amount of the time","Most of the time","Not at all","A small amount of the time","Br1","I’d rather not share","Slightly","Moderately","Mostly","Br4","I’d rather not share","Moderately","Moderately","Mostly",NA,NA,"01/05/4726","30","Female","Somewhat rarely","4","J"
"Not at all","Most of the time","Most of the time","Most of the time","Not at all","All of the time","A small amount of the time","Not at all","Not at all","Br3","Memory of performing this movement","Entirely","Moderately","Mostly","Br4","False ending of 4th movement feels like the earth opening","Entirely","Moderately","Entirely",NA,NA,"may0213","35","Male","Very frequently","30","H"
"A small amount of the time","Not at all","Not at all","A small amount of the time","Not at all","Most of the time","A moderate amount of the time","Not at all","A moderate amount of the time","Br4","It’s really more of a memory of the performance rather than evoking a different memory. The performance itself is the memory.","Entirely","Entirely","Not at all","Br1","More of being introduced to the story, of opening the door to the story that was going to be told.","Entirely","Entirely","Not at all","Will the results of the research be shared? (I can’t recall if that was covered in the overview)","Glad to participate","jan","69","Male","Moderately frequently","0","J"
"A small amount of the time","A small amount of the time","Not at all","A small amount of the time","Not at all","A moderate amount of the time","A small amount of the time","A small amount of the time","Not at all","Br3","Movements from dances","Mostly","Moderately","Mostly","Br4","So different from Brahm's Hungarian dances","Mostly","Moderately","Mostly",NA,"It was nice to see how seriously people were  completing the survey.","01/11/6432","73","Female","Very frequently","30","J"
